{
  "result": 20,
  "start_time": 1776397280.5776517,
  "end_time": 1776397281.5785441
}